,0,1
0,3.752319109461966,0.0
1,3.2637600494743344,0.4695476370988125
2,4.206349206349206,0.46146070255243804
3,3.712636569779426,0.4675259034622184
4,4.7557204700061835,0.9593126105635583
5,3.229746444032158,0.9764973464746024
6,3.744073386930529,0.9633560778367455
7,4.191919191919191,0.9623452110184484
8,6.285301999587713,1.460702552438717
9,3.2488146773861053,1.478392721758908
10,3.737373737373737,1.4667677533484964
11,6.790867862296434,1.4667677533484964
12,4.237786023500309,1.4682840535759412
13,5.759637188208616,1.4662623199393483
14,4.763450834879405,1.4900176901693207
15,5.209235209235209,1.4834470558503923
16,2.60204081632653,1.8984078847611832
17,7.3356009070294785,1.945413191811979
18,6.750154607297464,1.9499620924943146
19,4.229024943310657,1.9661359615870615
20,6.26881055452484,1.9646196613596165
21,3.745104102246959,1.9686631286328027
22,3.2488146773861053,1.9625979277230223
23,5.82354153782725,1.970684862269396
24,5.230364873222015,1.9737174627242862
25,4.761904761904761,1.9757391963608792
26,2.6056483199340335,2.3952489259540055
27,8.306534735106162,2.4154662623199394
28,3.2307771593485874,2.466009603234774
29,6.276025561739846,2.4594389689158453
30,7.8308596165739015,2.45489006823351
31,7.338177695320551,2.4614607025524387
32,5.756545042259327,2.463987869598181
33,4.744897959183673,2.468031336871367
34,5.233457019171305,2.4700530705079613
35,3.7311894454751586,2.469042203689664
36,4.205833848690991,2.469042203689664
37,6.792413935271078,2.4751074045994446
38,2.5706039991754275,2.9021986353297953
39,8.31581117295403,2.9037149355572405
40,2.137188208616779,2.9370735405610313
41,3.243145743145743,2.9618397776093004
42,7.35621521335807,2.942127874652515
43,4.238301381158523,2.9532474096537786
44,6.304370232941659,2.945665908516553
45,7.803030303030302,2.9537528430629267
46,4.756751185322613,2.9618397776093004
47,3.6920222634508337,2.960828910791004
48,6.799628942486084,2.95880717715441
49,5.7395382395382395,2.9684104119282284
50,5.2576788291074,2.9684104119282284
51,8.962069676355389,2.986100581248421
52,2.5984333127190262,3.403083143795806
53,8.33075654504226,3.4081374778872893
54,2.0908060193774474,3.446550416982563
55,6.270356627499484,3.451099317664898
56,3.2209853638425057,3.4708112206216835
57,5.782312925170068,3.4591862522112713
58,7.825706039991753,3.4556482183472332
59,4.229024943310657,3.458680818802123
60,3.748196248196247,3.4698003538033872
61,5.248402391259534,3.464240586302755
62,4.72428365285508,3.467778620166793
63,6.789837146980002,3.4703057872125354
64,7.356730571016285,3.4733383876674253
65,8.956916099773242,3.4900176901693203
66,9.412492269635127,3.484457922668689
67,2.614409400123685,3.9070002527167054
68,8.32457225314368,3.9171089208996723
69,7.336631622345906,3.9631033611321715
70,9.413007627293341,3.958554460449836
71,2.1057513914656765,3.9620924943138753
72,8.968769325912183,3.976750063179177
73,3.2446918161203877,3.9873641647712916
74,7.8432282003710565,3.978266363406622
75,4.263553906411048,3.991407632044479
76,6.804267161410018,3.977760929997473
77,3.707482993197279,3.9919130654536272
78,5.259224902082043,3.9954510993176653
79,6.268295196866625,3.993429365681072
80,1.6378066378066372,3.999494566590853
81,4.71552257266543,4.007076067728077
82,5.7642754071325495,4.009097801364671
83,2.5876108018965156,4.410411928228456
84,8.320964749536177,4.411928228455901
85,2.1217274788703353,4.455395501642659
86,4.221294578437435,4.464998736416478
87,3.241599670171098,4.47662370482689
88,1.6506905792620075,4.467020470053071
89,6.830550401978972,4.474601971190296
90,3.723974438260152,4.474601971190296
91,7.340239125953411,4.474601971190296
92,7.822613894042465,4.473591104372
93,4.766542980828695,4.482183472327522
94,6.2435580292723145,4.48572150619156
95,8.948670377241804,4.4998736416477145
96,9.421768707482993,4.485216072782412
97,9.948979591836734,4.490270406873895
98,5.770975056689343,4.493808440737934
99,5.245310245310245,4.5064442759666425
100,2.592249020820449,4.91635077078595
101,8.323026180169036,4.925954005559769
102,1.670274170274169,4.956280010108668
103,2.1005978148835287,4.95577457669952
104,5.794166151309009,4.962345211018449
105,7.81127602556174,4.961839777609301
106,7.356730571016285,4.962850644427597
107,6.804267161410018,4.971443012383119
108,9.421768707482993,4.967399545109933
109,3.2488146773861053,4.978519080111196
110,6.246650175221603,4.975486479656306
111,8.950731807874664,4.989133181703312
112,1.0590599876314162,4.984584281020976
113,3.723974438260152,4.97447561283801
114,4.215625644197072,4.975991913065454
115,9.96804782519068,4.984078847611827
116,5.206658420944135,4.977002779883751
117,4.7644815501958355,4.983067980793531
118,2.5881261595547302,5.4136972453879215
119,8.314265099979385,5.4465504169825625
120,2.1299732014017723,5.467273186757645
121,5.794166151309009,5.48445792266869
122,7.361368789940218,5.48445792266869
123,1.6084312512883936,5.487995956532727
124,3.236961451247165,5.5011372251705835
125,7.805091733663162,5.488501389941876
126,1.0781282209853633,5.500126358352287
127,3.748196248196247,5.5011372251705835
128,4.76499690785405,5.499115491533991
129,4.199649556792414,5.507707859489513
130,6.804782519068232,5.507202426080364
131,6.246134817563388,5.5102350265352555
132,9.403731189445475,5.507202426080364
133,5.230364873222015,5.511751326762699
134,8.966707895279322,5.527419762446297
135,9.987116058544629,5.51781652767248
136,8.332817975675118,5.90295678544352
137,2.5927643784786634,5.927723022491787
138,7.784992784992784,5.943391458175386
139,5.810657596371881,5.965125094768766
140,7.360853432282003,5.958554460449836
141,3.2307771593485874,5.9833206974981055
142,6.219851576994434,5.974222896133434
143,3.7172747887033597,5.987869598180441
144,1.6548134405277253,5.9833206974981055
145,4.240878169449598,5.98483699772555
146,1.0765821480107187,5.98483699772555
147,5.252525252525252,5.988375031589589
148,4.720160791589362,5.989891331817034
149,9.473304473304472,5.992418498862776
150,2.1119356833642544,5.996461966135962
151,6.766646052360338,5.993429365681072
152,8.958977530406102,6.001516300227446
153,10.0,5.997978266363408
154,2.599464028035456,6.461966135961587
155,8.358070500927644,6.465504169825627
156,5.736961451247165,6.479150871872632
157,5.270562770562771,6.476118271417742
158,3.2364460935889507,6.495324740965379
159,7.32838589981447,6.479150871872632
160,7.78447742733457,6.483194339145819
161,6.292001649144506,6.479656305281779
162,4.19604205318491,6.487237806419005
163,4.750566893424035,6.483699772554967
164,2.0887445887445883,6.48875410664645
165,6.777468563182849,6.496335607783675
166,1.639352710781282,6.503917108920901
167,0.5540094825809108,6.505938842557493
168,1.0889507318078744,6.514531210513017
169,9.483096268810554,6.517563810967907
170,8.959492888064315,6.52565074551428
171,9.929911358482785,6.5332322466515045
172,2.5984333127190262,6.958301743745263
173,8.35137085137085,6.98963861511246
174,1.670274170274169,6.988627748294164
175,5.7689136260564835,6.989133181703312
176,6.286332714904144,6.9936820823856465
177,3.2251082251082246,7.0078342178418005
178,3.746134817563388,7.005812484205206
179,5.241187384044526,7.004801617386911
180,7.36703772418058,7.0073287844326515
181,2.0835910121624406,7.009855951478393
182,6.776437847866418,7.010361384887542
183,1.0657596371882074,7.017942886024767
184,4.721191506905792,7.0209754864796565
185,7.791692434549578,7.033105888299218
186,0.5344258915687482,7.032600454890069
187,8.960523603380746,7.048268890573668
188,9.471243042671615,7.058377558756634
189,9.919088847660277,7.065959059893859
190,2.600494743351886,7.45665908516553
191,8.308596165739022,7.466767753348499
192,0.0,7.476370988122316
193,2.117604617604617,7.49962092494314
194,1.6548134405277253,7.496082891079102
195,7.355699855699855,7.498610058124844
196,0.5823541537827247,7.5021480919888806
197,1.0729746444032153,7.500631791761436
198,3.758503401360544,7.504169825625475
199,3.2251082251082246,7.51225676017185
200,5.248402391259534,7.5031589588071785
201,6.26571840857555,7.505180692443771
202,6.770768913626055,7.510740459944404
203,5.765821480107194,7.508213292898661
204,4.205318491032775,7.513773060399295
205,7.83498247783962,7.51225676017185
206,4.735621521335806,7.517816527672481
207,8.956916099773242,7.53601213040182
208,9.4428983714698,7.532979529946929
209,2.603586889301175,7.950972959312612
210,8.321995464852607,8.007076067728079
211,2.0928674500103064,8.017184735911044
212,8.945062873634303,8.031842304776347
213,6.25592661306947,8.026282537275716
214,9.455266955266953,8.023755370229972
215,5.753968253968253,8.029315137730606
216,7.840651412079983,8.032347738185496
217,5.277262420119562,8.035885772049534
218,7.338693052978766,8.04043467273187
219,6.83982683982684,8.041445539550164
220,4.7057307771593475,8.050543340914835
221,4.242424242424242,8.05256507455143
222,3.2740672026386304,8.06722264341673
223,3.715728715728715,8.05559767500632
224,2.6123479694908265,8.466009603234776
225,8.324056895485466,8.480667172100077
226,4.228509585652442,8.512004043467275
227,5.74933003504432,8.506444275966643
228,6.287363430220573,8.509476876421532
229,3.241599670171098,8.530199646196618
230,7.83498247783962,8.51604751074046
231,3.737373737373737,8.521101844831945
232,7.34126984126984,8.529694212787465
233,5.263863121005977,8.52615617892343
234,4.750566893424035,8.534748546878951
235,6.803236446093589,8.548900682335104
236,9.4428983714698,8.561536517563813
237,8.975468975468976,8.573666919383374
238,6.804267161410018,9.011877685114987
239,8.334364048649762,8.966894111700785
240,4.199134199134198,9.002274450341169
241,5.770459699031127,8.99823098306798
242,6.293032364460935,9.005307050796059
243,3.744073386930529,9.008845084660097
244,7.397443826015254,9.01440485216073
245,5.240156668728097,9.012383118524138
246,4.777365491651206,9.015415718979025
247,7.815914244485674,9.032600454890071
248,8.954339311482169,9.055344958301744
249,8.333333333333332,9.482436189032098
250,7.831890331890331,9.541066464493307
251,7.3593073593073575,9.541571897902454
252,6.81508967223253,9.58251200404347
253,8.335394763966192,10.0
254,3.2219060685989827,0.11882042307220866
255,3.736451219837826,0.0
256,3.852955940708382,0.5063532681901091
257,3.318477704947721,0.6489609744313506
258,4.3679562400750775,0.3809063482528968
259,4.903936407569448,0.7446751893650877
260,4.507400789110383,0.8610379525324842
261,3.023227271959777,1.2681805449726418
262,3.4757384037430454,1.1476092736131063
263,3.937269766455105,1.0197348600291092
264,5.481268499455712,1.0989528111651352
265,5.033618239066831,1.2567000469378187
266,4.58948063109698,1.3885704157403462
267,3.5932524623294353,1.6645314075905744
268,4.100065055067495,1.543453754734021
269,3.040374396077098,1.822384023744517
270,5.603918502182298,1.6031119408409942
271,5.170706013540942,1.7504735232100301
272,3.7252820646189067,2.160748769578193
273,6.220879536595549,1.5044545062451498
274,6.690457807596976,1.3673705790192825
275,4.21470990638386,2.037840785095598
276,4.689136783044204,1.9059574677717983
277,2.2726617392458626,2.5816309016293997
278,2.785379774040557,2.429697004180019
279,3.1773843985956556,2.3264766186029306
280,5.745354715341961,2.097884405917837
281,5.228851435218798,2.2681803008074364
282,7.224267017714937,1.7604496566477479
283,6.368838407783542,2.000725454528943
284,3.845548281476993,2.6720529004692124
285,4.869496115881751,2.3875555967892215
286,1.9386617380293492,3.197717818242683
287,6.8174652527782165,1.8746943210922606
288,4.280210510390198,2.5541121707561487
289,2.9358902407436256,2.9301600685873277
290,3.360804497690746,2.8186341084337925
291,2.39908224172908,3.0929065175986565
292,5.8532075776869235,2.61306781446112
293,6.434689376654873,2.514192591133231
294,5.3854474193605455,2.781099592471671
295,6.923931401235043,2.3756162421269837
296,4.969871005097165,2.90366539789312
297,7.838387286979083,2.139525673274601
298,7.339816423484273,2.2692278006054227
299,3.9564078874648843,3.184801928271006
300,3.4721102480373913,3.3225910157780962
301,2.5387036041800632,3.5865408628094073
302,4.442969783926179,3.06916857109111
303,2.0302529741490014,3.7199831367310314
304,3.015559285554418,3.4583406622328865
305,5.96461811129643,3.113202473996685
306,5.530204725951721,3.261970933380813
307,7.033386285796599,2.869772535235243
308,5.0637830007016,3.4036263500188935
309,8.463980341226968,2.4916688042831434
310,4.581036622842451,3.5372043114546265
311,6.567833099923039,3.017156571099471
312,4.087464167114932,3.6791129188412164
313,2.167891676244726,4.201142244737015
314,2.659703303878178,4.071089259039257
315,1.7103223722768168,4.3241574018119575
316,3.5995458300391787,3.816791390208608
317,7.482243966821565,2.7702378842846507
318,3.132965298911579,3.9492753131005016
319,7.966718419664737,2.645951537708725
320,6.102892036902054,3.631047556987419
321,5.638216394174162,3.7863258356702816
322,5.2176865909890005,3.9075132789984
323,6.695322704539439,3.5243506870849113
324,1.3603693528208405,4.963503592270194
325,4.675898191745369,4.062384495138937
326,7.168380874849854,3.382537129437528
327,1.8550199144506445,4.819679108492275
328,8.593916758095585,3.0068772842008364
329,8.101054035867154,3.1453430170673853
330,2.783713009185589,4.583013005446212
331,3.2685198193555514,4.451591162629045
332,7.590806562665615,3.281978418307892
333,3.7006934791373958,4.34461768193988
334,2.27845493998224,4.729689263149998
335,6.199742007962969,4.141058870550395
336,5.77786476793245,4.286457051658496
337,8.21102709494028,3.6480321784580556
338,1.4908747048492739,5.470428951106633
339,1.976591811274944,5.325754114559462
340,4.8342369964429786,4.559116917929363
341,5.316878591039268,4.429361204302368
342,6.80292998528227,4.038516096875718
343,7.291812641228345,3.9005783733332464
344,4.305790255506384,4.701187109872605
345,9.180931315727845,3.397034609538637
346,7.72971819161751,3.7790556380386837
347,8.703848060289564,3.52854805854766
348,2.3939593269060646,5.227639289145234
349,2.908073079357994,5.0921325027969
350,3.8346009585192635,4.857132528941007
351,3.4045687649701533,4.985752740581129
352,6.331867389746199,4.631288361136787
353,5.882024902476336,4.784204855322177
354,5.4510283900569,4.9130843191373765
355,1.6312238083375492,5.96495166898232
356,4.931095971272995,5.071293855084825
357,6.929200685657114,4.5427858426912735
358,7.416364270388268,4.397722127881485
359,7.860573908510937,4.2831767478188585
360,8.326226135844621,4.159614571471995
361,2.086382315129653,5.8425846423450745
362,3.9607816212030853,5.339746038831685
363,4.458456934014024,5.197818421497255
364,2.538920458220229,5.7285102417630025
365,8.833484872941433,4.029744798157951
366,3.50699182076091,5.472043305792514
367,9.251648897796299,3.9200336032299687
368,1.1422705530522672,6.579336087846014
369,6.488217792285815,5.1431896540485464
370,7.056759058459968,5.037495216498024
371,8.95438879314579,4.520281065789026
372,9.89495005657498,4.264705946030826
373,7.527328659639022,4.90664890787454
374,9.405444442854474,4.397933049099623
375,5.997568566442935,5.320627106605956
376,0.6651217913938999,6.753144009952317
377,7.9980480629264505,4.782808469404757
378,5.573304278577552,5.443360558010627
379,5.065740195461258,5.586862698343374
380,2.623584648831945,6.2390875845457385
381,1.720431258588703,6.494361988685827
382,2.2394353735786954,6.3450741992834105
383,3.162192752983333,6.102957739134118
384,3.61096940008638,5.983932475851136
385,4.103421993032467,5.862921357812027
386,8.449774951221444,4.705808922070054
387,4.561120611734176,5.800034661950505
388,1.2641658034342527,7.076109974079474
389,6.581578860268636,5.65576497444055
390,0.8068125899247984,7.251100097374124
391,3.2510825914795376,6.614025071345251
392,7.186764243515035,5.540218954237027
393,6.156134945204474,5.814046280963881
394,9.55250202155586,4.90962261470591
395,5.212120793773599,6.080847901921061
396,0.36776916921599845,7.389189074831193
397,1.8613255478958566,7.003914445621389
398,9.052907074773378,5.054234359982987
399,10.0,4.80232334702422
400,4.686857609895615,6.233986454053979
401,3.741974919088178,6.495059455785012
402,8.585020863679567,5.191947407698709
403,4.217515916727217,6.369922756439833
404,5.659058840827024,5.983997378913114
405,7.661353188019221,5.447316861578005
406,2.3327906997587817,6.8852936270015155
407,8.104844088873696,5.334048732442934
408,6.686379960125157,6.162554645762879
409,6.274268699598928,6.305869304496431
410,0.0,8.010018570387263
411,0.934311198310302,7.76045983695205
412,9.184891658217339,5.539623604008166
413,9.65945032944785,5.410414909653092
414,5.796511725737966,6.449488122395445
415,1.9840533225779948,7.497754456711045
416,5.302316312236016,6.586686109308361
417,7.287420729408989,6.0660092484633505
418,7.773533219545166,5.929358280822354
419,4.33454455391208,6.857164785586249
420,4.8101903348139805,6.728205838432334
421,0.49704661323377225,7.8910244399052605
422,3.8659035904736685,6.987492589859575
423,2.451379602281091,7.370490153669062
424,2.9102815975225194,7.248742742547751
425,8.693556448216311,5.697191070944488
426,8.235382194012173,5.819826854730734
427,3.3881466166127083,7.131111407758589
428,6.822812023714794,6.672764738110057
429,2.5953313958794215,7.86079224049947
430,6.402198706771344,6.831915407350482
431,7.907027307678324,6.429518011732331
432,5.948154320957935,6.961029051966349
433,7.420336878613228,6.572286476862093
434,9.775413126465894,5.931548169701917
435,2.0942212026050044,8.018277606217854
436,4.918279774991973,7.242241622135602
437,9.307982063499939,6.062634720552639
438,4.46507691724782,7.370587015200153
439,8.347757046492003,6.319702262091219
440,8.817038975243051,6.198416325476542
441,5.412511203570332,7.113706129592634
442,3.0130582801446377,7.7620387896214655
443,3.998882766061624,7.508929183405732
444,3.5075893129397424,7.647515037385899
445,6.965458137346911,7.168295949764296
446,7.54602063629005,7.080508096573927
447,5.570709209928672,7.605598305821849
448,9.420533729395446,6.576012868844287
449,3.1523562890379346,8.264974254665944
450,5.037345095146707,7.7549526300417115
451,8.032537513905831,6.954046621431591
452,8.94551991003708,6.711848060064365
453,6.517682606320594,7.382988024405438
454,2.6794659283740967,8.418124929652004
455,6.068319016519527,7.5059651615846965
456,3.6608879529909166,8.15102259307671
457,4.103600352159854,8.053682080640366
458,8.516207235886155,6.926454589940217
459,7.67969153783889,7.594170568415066
460,6.251035123918265,7.973921418609498
461,5.165676227832364,8.261378494475835
462,5.686908584779747,8.125583941030659
463,9.56791466165452,7.078401314616844
464,4.263741741830677,8.519577268785808
465,8.14837752012281,7.47467088210418
466,9.073404898363984,7.227066044955979
467,3.261991248981534,8.80244301962396
468,3.7331060359794677,8.686626450060347
469,8.606773606588138,7.376365957211535
470,6.754209660153477,8.25491001732611
471,7.207164456459127,8.183000463753778
472,6.321908249897827,8.476282175128425
473,5.300880383411343,8.766498593060643
474,5.813775231621716,8.628067436542427
475,8.303164395358616,7.9588079465762185
476,4.83408128198892,8.904461387977525
477,7.780225232931778,8.119451863265153
478,8.704698421584972,7.854651663464591
479,4.3777398860316685,9.032566538814839
480,3.9030944390764994,9.16992872816363
481,9.174480517309384,7.737567347947349
482,3.3927691939194062,9.316883247990335
483,7.330132070940662,8.705502580922014
484,6.90922815354957,8.852807133447524
485,5.42350337483062,9.264160851959037
486,5.939458989298537,9.13628905625426
487,6.41668304307609,9.009615853806448
488,7.9367401831516045,8.612880542596999
489,4.505316266372725,9.531607159806562
490,4.962517197937437,9.40706500460291
491,9.345610052692418,8.23411311480671
492,8.415192144939814,8.491297333911561
493,8.837749627325746,8.393413245750647
494,7.463057223914004,9.213945432913242
495,6.049713645050204,9.648658710767359
496,7.00480845972068,9.376710066204282
497,6.569199919475357,9.499241295277399
498,8.516668889398456,8.982178398483002
499,8.056874605439523,9.121510050519293
500,8.965358760776846,8.871306630193732
501,7.576327627077703,9.72604633027734
502,8.175104139327738,9.607345202650617
503,8.77298979367388,10.0
504,0.5264898048767301,7.74992026634308
505,0.0,7.393747316263188
506,2.795901382757959,8.953974059464585
507,3.6404996070973077,9.412396102589272
508,3.2622143761818063,9.197165128398964
509,0.7610801339304086,7.318718733099091
510,0.21975054425366158,6.953174404189055
511,3.9013673191508245,8.994589968053923
512,2.586189450333557,8.268101305367209
513,4.385165091795181,9.260739392593765
514,4.806157520217778,9.492113189904028
515,2.163629001414467,8.03932283895445
516,3.039022978841551,8.51364212447336
517,3.4677186456243216,8.74524043252779
518,1.6438699594685207,7.742870828551865
519,2.3529668281773746,7.643099666524909
520,1.0399284806347222,6.916063891495117
521,6.02937684221875,9.630256206857613
522,1.4741954471404086,7.111493471426741
523,1.9098323512458535,7.3405853321527665
524,0.5077993133245972,6.5492640370994675
525,6.506573133417248,9.860423877698496
526,2.8470571623870757,7.8502951708318625
527,5.5052534946601455,9.303101988120188
528,3.3103049513079785,8.097561606893526
529,5.100053352334436,9.084513267230777
530,4.620654286008643,8.819067652190649
531,4.209477799152286,8.58042930090655
532,3.7432796606399776,8.328065690261798
533,1.2960825134831713,6.4841025978598035
534,6.311632184381053,9.243919300101524
535,2.117170786792072,6.896603326130747
536,2.658510732885744,7.177296376724445
537,6.738076248757236,9.437326335103117
538,5.764450722800789,8.871093950878912
539,4.896596301543048,8.403258388960943
540,5.327958971957058,8.644415050269366
541,7.146341595585888,9.651839688865241
542,3.1061347267583854,7.416489099404718
543,4.4340568775225515,8.14483900622201
544,1.755615916696942,6.6646593982632805
545,3.550024360791377,7.651882312950658
546,0.7536223137453346,6.088492056527107
547,1.5560589430142664,6.0398263192735335
548,6.540910515382997,8.789572436828223
549,2.409374125785107,6.478830124272888
550,3.378493673148814,7.0165908894977065
551,1.9953717619644764,6.247863208487814
552,7.389663309644446,9.234131645184643
553,2.8994928076947217,6.737511554076299
554,1.008975135992588,5.672827627758112
555,8.808280226548197,10.0
556,3.798599627906785,7.232465118653291
557,6.018203897625209,8.440112324736262
558,7.022097694312766,9.012136485757617
559,5.154535673215909,7.976326456321185
560,8.349187007549393,9.738870729170065
561,7.93585379906547,9.51577868964661
562,5.600994656321555,8.215451365413925
563,4.266529469106415,7.47597418554376
564,0.6215603192005035,5.457736884385692
565,4.7230265209640185,7.7264298084519725
566,1.814037524250828,5.593866563694889
567,6.843850670312808,8.350035850316084
568,8.612929423846477,9.31630648798929
569,0.8522966246451977,5.0209378078214995
570,1.2865291904449792,5.246365786588253
571,2.278147742547378,5.801779688430026
572,2.65376596983164,6.007452309366341
573,8.176254755380732,9.052004496651556
574,7.6755973404310796,8.77882883981052
575,7.270653725996988,8.548836987875285
576,3.1826621802915294,6.26682373774099
577,4.081321972352599,6.772497693845666
578,6.300359550150696,7.9890672572704515
579,4.5280691102762045,7.018132000163742
580,5.0060858475070855,7.275885109723276
581,3.6692418114786634,6.533358973824451
582,5.423436761790822,7.498315479710159
583,5.865638711557988,7.734505989967736
584,2.0482564705013493,5.183240703207098
585,7.072554726757064,7.9415516955946455
586,2.548340349594648,5.395486638491175
587,8.442859484426231,8.650651924139158
588,7.907361792520482,8.355298742065553
589,3.8789026859215108,6.12645294618754
590,8.857504185515026,8.882551763810934
591,4.351214033086752,6.385665021995286
592,7.526245875782909,8.136768627478029
593,6.5432294272004645,7.571109029221295
594,4.779621545051562,6.610753932824381
595,2.928042310310968,5.588411719326948
596,6.13439257959369,7.3545474569047435
597,1.5477682853016534,4.807983979296707
598,5.215710286165796,6.840095977918965
599,1.1185403273044616,4.555309629748962
600,2.333176781216661,4.747580646702473
601,7.352868630541486,7.519504289489732
602,2.771302580189129,4.959578345850543
603,3.209677324415855,5.197113265162836
604,3.6748032978619594,5.444265144031006
605,8.180712449771482,7.939786406810367
606,7.759507511878763,7.711758493503282
607,9.114920883689056,8.456484941470345
608,1.7917983642606217,4.379122988938842
609,1.3683610593924973,4.156786106163885
610,4.576665158548257,5.932662567776702
611,4.124713294847093,5.691650740928989
612,8.693352145630538,8.212092349709412
613,5.940831924574178,6.686853881785831
614,6.360278341711032,6.91679438647228
615,6.818148104947958,7.1530013630686025
616,5.475984488230442,6.424270248350513
617,5.049733697893199,6.183635025760774
618,2.597219743826863,4.3055560274332265
619,7.595550781111445,7.052952394816144
620,4.844022270915659,5.51209980154439
621,3.0742207259081895,4.524070382859727
622,8.951618881685059,7.7726419913561005
623,4.418409008988783,5.261426926945109
624,9.395154333267845,8.013611678240673
625,8.454739844996551,7.495208596606754
626,2.0595536774997254,3.9449265023252504
627,8.076144450052341,7.277496848712434
628,3.9610963199565936,4.99435644121449
629,3.4523058388487255,4.71667746573941
630,6.207744782570151,6.229100579974915
631,5.320717897826074,5.739103959163122
632,7.078784072100168,6.694658808951468
633,6.652586917900014,6.467907491111566
634,5.773214444236816,5.975222052190343
635,1.6920760990110382,3.706816848812935
636,2.8646745107528497,3.8908199189081065
637,7.856064310714759,6.64072273361943
638,4.686554940462226,4.850537071160288
639,3.3065298607071725,4.09564655129427
640,8.294446637578845,6.841317301721675
641,5.104428528244793,5.072102330848001
642,3.7081104981047686,4.301263221338974
643,8.733605392053818,7.077554555585214
644,9.189841107162005,7.32844273364301
645,9.687308844981589,7.592925147529219
646,4.21846419085133,4.565376290020306
647,6.475412058966262,5.811018587446616
648,6.014679982980924,5.553599942181916
649,5.57420973590108,5.3085548881700575
650,2.3282346739671564,3.5072017609274555
651,6.890220442245885,6.036659214261615
652,7.3428806708474585,6.266518094432058
653,1.940128692627615,3.2882647648147363
654,3.114175461096586,3.467874469826535
655,8.96513532546235,6.661398965364751
656,8.148705060143195,6.190287988441405
657,3.9581561311580824,3.8734240384369083
658,3.56332142196599,3.6536476056494163
659,5.339443876238717,4.634209029597651
660,4.954549581239998,4.419936652918437
661,4.489223489818927,4.15016088273964
662,7.581923342356788,5.849904275437618
663,2.5809473106517116,3.088920931279385
664,8.568696159989628,6.415334759307363
665,6.726507847875032,5.392419759842456
666,7.161219068752148,5.625039875352689
667,5.839192808312995,4.8959137418053285
668,2.1632374050599736,2.8610964587348935
669,6.264654779544197,5.126876053947579
670,9.49630311246134,6.896051540268386
671,3.3725254251363035,3.001339041491691
672,8.39219526525038,5.777291307800273
673,3.844697873101028,3.2148707795286
674,4.244263461851139,3.433803171998494
675,9.222054133127862,6.184257702695719
676,4.728508262646488,3.689232205010648
677,5.671443272711145,4.208453653337775
678,2.850075335270135,2.6404757983539047
679,6.968977488974868,4.929213749172049
680,9.764063234558241,6.4728256295510365
681,6.0848961449644,4.433343727047101
682,7.456717322071201,5.184846222946798
683,7.856849602741639,5.394856258074878
684,2.4241078908930556,2.395379397093257
685,6.571944813513277,4.6851299480815545
686,5.216074795836399,3.9291827398496935
687,8.840865344822014,5.907961379773388
688,3.635864831703892,2.581437944795954
689,8.64006975010274,5.3320867089701265
690,9.08908846456545,5.553002161817187
691,9.481685997924345,5.767499049240566
692,4.973207496942163,3.268246090914402
693,5.870865960427069,3.767593020574771
694,4.495806278910903,3.00448395286665
695,5.485874010869763,3.5474939861883636
696,7.671883468604722,4.753857337751054
697,3.1185754491937843,2.224009469230447
698,7.261185636825699,4.522411123210432
699,6.3632658365913795,4.02349674869965
700,4.122415609744251,2.782149725501965
701,6.7742201962620205,4.243539832194444
702,8.108109073841241,4.969998217613941
703,2.658720229157482,1.960149240327945
704,2.3121956441217426,1.738259430808765
705,3.8916550643865455,2.1331119727067924
706,8.919971026442076,4.890761295557766
707,5.712690265073228,3.1171832368679357
708,6.124521480692905,3.33078473672493
709,5.235328256605668,2.8343932758812955
710,3.372922134007075,1.7910474381209018
711,4.3746716005622215,2.3526481355890945
712,8.345835443887902,4.533606022574941
713,4.752930013409178,2.5609371574044855
714,9.351177597302616,5.101236818512919
715,2.9599431079733574,1.5623789252588125
716,6.587857306456803,3.5619366787013025
717,7.486180116420618,4.0581879087270485
718,7.963151506653837,4.31767123888492
719,7.10622921045004,3.839725607727052
720,9.777228269664894,5.319248149792033
721,4.159295522714112,1.7080880278035737
722,9.138273213968578,4.4545817485670085
723,3.6317555619819237,1.3426747224257785
724,4.622480057782336,1.9195294073229177
725,5.018785132912333,2.130883851505712
726,10.0,4.8826571176332605
727,9.63120334626908,4.672680015182671
728,5.515300369435044,2.3919525678012095
729,5.9617373433299425,2.6351061004152743
730,7.78014197616952,3.6385021154898265
731,6.859940489524425,3.1295592962551497
732,6.433428362437766,2.889356628814995
733,7.321739921718171,3.38121909740019
734,3.1963971949788483,1.0981511071326049
735,8.639025684883716,4.089248119472664
736,2.7805778654074653,0.8442423020808137
737,8.213820241544132,3.84688267628459
738,5.751402309068561,1.9921827260161653
739,4.410293657064297,1.283662542492222
740,9.409511168013507,4.046558478029819
741,4.8760915596266745,1.4907783705157216
742,9.877802774300704,4.247550720371606
743,7.083120038446827,2.7012756955075807
744,6.666264979593376,2.4710382628466117
745,6.22662757004107,2.2276088722395957
746,5.25843370590569,1.6863198522305698
747,8.025674047992734,3.219131664798423
748,7.591480691756653,2.9746758630927808
749,8.446187821337997,3.4433133253652115
750,3.4715772094757553,0.6796108858303279
751,8.900154733686646,3.6710094297877345
752,3.042424896826399,0.4367918175110966
753,3.912152693751545,0.8935422463393314
754,4.694779331123772,0.8327531022014749
755,8.28974382867148,2.7840489979040943
756,5.113280829601115,1.0223395580871635
757,4.140111949511256,0.46732793412775797
758,5.564160528236075,1.2581396531582947
759,8.6765555177591,2.9791789944509266
760,6.044294777530822,1.5193742738960738
761,6.50764022101031,1.7724673676649296
762,3.311748230561994,0.0
763,7.3890057341102455,2.2558657076822866
764,7.859079905442286,2.509798238125918
765,6.938306918019068,1.998807200336815
766,3.7063167941468746,0.20923841204083654
767,5.7043040977682615,9.968736212659602
768,6.215539001233407,9.976310438312943
769,8.737300082031677,10.0
770,6.773622192004243,9.969676601352703
771,8.26194105557658,9.983735367861975
772,7.223383102763354,9.97088527659448
773,9.227134422172075,9.989474878446376
774,7.782627448744237,9.957507581630763
775,4.1579166591925425,9.461239375280257
776,4.696991933476366,9.446960289352567
777,5.161415120895536,9.439077883835296
778,6.2295720599214714,9.446762130531873
779,3.528434400174757,9.383253399453364
780,8.262132832023042,9.474743445001957
781,5.7142367928826845,9.437028677427687
782,6.747649853469336,9.448220257933942
783,7.215461621980369,9.452892542847366
784,7.788823987354768,9.459558426589355
785,4.167538350154653,8.946180216885352
786,4.697465557435859,8.92288077498401
787,5.70039060523303,8.931414728332276
788,3.0461521314501274,8.878680272438974
789,5.183257847281175,8.907074855322604
790,6.239115999845504,8.935865066346219
791,9.298392725647401,8.973350132931483
792,8.820135670607069,8.973685014914079
793,7.2586077228931565,8.944191479303205
794,3.5609871271025266,8.859779782768001
795,7.805611595690992,8.948798178009584
796,6.763021311462442,8.930147026858148
797,8.24540574928835,8.957104839795283
798,4.20304000432578,8.431089423878156
799,4.688402359202348,8.41059137568806
800,5.68011943933032,8.409545621113413
801,0.0,8.304863949896056
802,8.803780209562568,8.46386010889303
803,6.763154774630347,8.424276674655069
804,6.261272034642773,8.414797307676093
805,2.0724009483686254,8.33359775019849
806,8.299993070984568,8.445497201546287
807,3.5491814023599355,8.355765709174168
808,7.2574805377940965,8.4226839561856
809,2.5665906472157407,8.339288696595212
810,9.2924024958348,8.435096507544097
811,7.778232825692726,8.419508590318646
812,3.0702199794582623,8.33839214568089
813,4.196260240993323,7.907393355679872
814,4.704300940961799,7.8920076553793885
815,5.712975755789962,7.897527536046768
816,0.5110842148606958,7.794071768175284
817,6.286338121164361,7.904193419788759
818,5.180233381322715,7.87757684272418
819,2.0757263107738773,7.823103677269666
820,8.32602593512101,7.9385546911786005
821,6.756746632988078,7.90839430564241
822,3.0381091187019744,7.840760345989278
823,1.0394031984629069,7.80144822598062
824,0.015908300639209103,7.7857599678112255
825,8.812454560669345,7.944099049426163
826,1.5320406826502666,7.807109854747508
827,9.29962412533874,7.937687159365403
828,2.5837790338814344,7.8347813618725946
829,7.7969053948598575,7.918672405658955
830,7.276464111113538,7.905199394688902
831,3.5916911675697,7.825714367721038
832,4.203331478782226,7.362620640784385
833,2.0640663692276817,7.311285677033487
834,0.5727694217727093,7.290404872174515
835,1.5637941571784209,7.2987140570274045
836,3.5865436741943943,7.325469169622906
837,3.074137896639445,7.325159063749202
838,1.0304274701472336,7.2844764706992615
839,6.263137465777814,7.372900965339413
840,4.7325080280626155,7.3517977089675215
841,2.5982031520192073,7.3120062297248385
842,6.789836202561955,7.383889937948011
843,5.167390542547633,7.345959577364225
844,5.734757864637723,7.341062431511444
845,7.27002450857267,7.3632941643251435
846,8.82015982990195,7.393092965760074
847,8.329766905096607,7.378105715195478
848,9.311077574214316,7.3799860804122215
849,7.78970311117909,7.362180300476262
850,4.218646927756095,6.875252627045101
851,9.953698754982275,6.976287831864443
852,4.719511991470695,6.856088278705638
853,5.1861214249933205,6.842001822047598
854,0.536410109987063,6.770834124994835
855,8.806481167467533,6.906218213149574
856,6.781270971455509,6.872650834747651
857,6.30007470805158,6.864082631275924
858,5.731016802725778,6.848650477685492
859,1.5456217674613317,6.775323254653179
860,7.285847643553364,6.876456184905292
861,2.5971731557177433,6.785296088845668
862,7.83597538343023,6.880080995319022
863,2.1211412222999066,6.7773458725828695
864,1.083734705816968,6.75827218508805
865,9.320193883428923,6.891980534377453
866,8.32497159565197,6.886714739835283
867,3.6121928935015646,6.783649575166183
868,4.232837792779634,6.364963777525099
869,9.963330164824145,6.460708411693381
870,4.745739233202329,6.338740532814824
871,3.0705377125158426,6.2987728492644415
872,5.197647514545858,6.33582620402046
873,2.0663714542112293,6.2735612014493345
874,8.809825967632301,6.394683616668436
875,6.295736185955652,6.348239352436376
876,2.634032646953432,6.280639848991432
877,1.0689508971917405,6.247436073144521
878,8.299625873940327,6.387128936101652
879,7.280894527773253,6.3658057512840305
880,6.790433570809591,6.354460333152529
881,5.7655419604022935,6.330418568934801
882,7.877666458480858,6.366147996383465
883,1.5798627733654942,6.244595290731455
884,3.617568437693638,6.274235115962781
885,9.362127930473546,6.365040991037984
886,9.985027108013387,5.9365093098230375
887,4.22555775806079,5.812633766551657
888,7.811516087146629,5.889731975977401
889,1.0881094103468567,5.720586799677009
890,5.162126330678865,5.799096590770895
891,6.285451214974214,5.818231735121274
892,4.77061605248984,5.7828543253153235
893,1.5657907472220445,5.723363715808073
894,6.80987393147774,5.8125234681764795
895,5.7910939909118655,5.793801592239643
896,7.313415793802425,5.816309273247566
897,9.35454661048215,5.828839095125391
898,2.1359880657390544,5.705508888267769
899,3.5942682892501736,5.7205616325954285
900,2.5970055385661612,5.7136959625516806
901,3.141998105096215,5.715142000428012
902,8.821512669622113,5.8244962550875
903,8.394175108821836,5.814343087235829
904,9.974372819601081,5.426271640001881
905,4.254080457832557,5.310942736661923
906,5.207196267941598,5.2982385440421895
907,4.75242652927255,5.288087693172978
908,6.309356146285755,5.314371705237421
909,9.350210392645542,5.3405794629654135
910,1.5555469560189663,5.2188586980679155
911,5.78284206821705,5.2934977588818475
912,1.11435608983801,5.202198530233881
913,3.0950208712049134,5.237526778794738
914,8.850202894609117,5.341544421682675
915,7.8520802739876085,5.325294494581559
916,7.3021371928261765,5.311784710420856
917,8.363451241769388,5.325585055368709
918,2.646654368770082,5.217087962921725
919,6.838404045869947,5.2827285298310205
920,2.1314648849276914,5.199550583175192
921,3.6205538442603653,5.200092316047675
922,4.256584825819353,4.788983359571102
923,9.987407639775693,4.867039093350063
924,6.331699144057781,4.81100261949989
925,5.245382135343249,4.7779939959898154
926,4.7627016894378835,4.765754642455161
927,5.761322277186457,4.783054865651869
928,3.6365347855765338,4.7325137948888925
929,6.8013546936213585,4.80009636875845
930,8.873199361584362,4.830901443622233
931,7.367004580095778,4.804014355470498
932,2.124082551050132,4.708110745098612
933,1.595812161846717,4.698132978412493
934,8.36461951471046,4.819734248252184
935,2.630719123814567,4.7124754472055175
936,9.3630725772438,4.818295274963983
937,7.8411223960434295,4.803601293141683
938,3.1365152644010275,4.706415368702742
939,10.0,4.386905881760582
940,4.257194514095481,4.257620180336354
941,4.775085344668594,4.241379634805826
942,6.337286199345247,4.262558754541475
943,5.241988648843333,4.239268971542661
944,5.782773944122386,4.2442786615058665
945,1.6383899592148012,4.1644398045262685
946,3.1177282809997555,4.188217411546802
947,7.329540122119322,4.260482248957789
948,7.864126277639116,4.264854406625514
949,3.6629152251250034,4.179258213900004
950,6.855694434804944,4.246327981554222
951,8.402929423289669,4.265142650430204
952,2.6282123596321068,4.153990247807695
953,2.1661892336711075,4.144222843108756
954,9.37859723305374,4.264314208790114
955,8.8532952088532,4.261678742229851
956,4.265344045695237,3.765953256781935
957,4.769097419115313,3.7307096560980098
958,6.330839182183939,3.7487574326334427
959,5.784488778589324,3.7368768416041505
960,5.273302469522978,3.726701307070026
961,7.331118892269624,3.760364093922261
962,8.876284261208008,3.779139672625133
963,2.1363835498347132,3.661727497642069
964,6.866508741875701,3.7505478265069385
965,8.36454167173604,3.771035412652358
966,7.903142858338982,3.7555549009589786
967,2.6737511073826252,3.6557432825030487
968,9.39593140291583,3.7520029474251517
969,3.66986983635679,3.640728640318394
970,4.770333724214705,3.2212170165483887
971,3.130383767974326,3.178272033507767
972,4.280885835005373,3.1833480203761857
973,2.678327399175081,3.1614066422649074
974,6.35048594358636,3.223478717037676
975,2.16247472724971,3.1516634166174446
976,6.834317825822014,3.229494474345007
977,3.6886321797010786,3.1627937463528664
978,5.256427299332572,3.18928298182613
979,5.778039457168696,3.1954918730165467
980,8.37197481233537,3.234596658718652
981,7.376536404944386,3.213192976572356
982,8.9123010160064,3.2364750054816427
983,7.878594084767634,3.2133076315805145
984,4.283776152080759,2.7238493740539704
985,6.367176363124991,2.7179210862194685
986,4.789110896799873,2.6870743056714073
987,5.800265828383607,2.6983659285928936
988,6.842445615402928,2.711284427663332
989,5.277626275394748,2.6640335838601947
990,7.3555631754396575,2.7011990705571853
991,8.40852099515943,2.7190051490218528
992,7.894854569337514,2.703057872233621
993,2.6825663362777457,2.6020079623773746
994,3.162365887098073,2.602222659800767
995,3.641822972867491,2.5930628727100653
996,4.293504750720228,2.2030673361213458
997,5.820488307951171,2.1699754148834676
998,4.802169763252644,2.181968528826417
999,6.881960163229859,2.2030352180923867
1000,6.325183910865463,2.1951212704068004
1001,5.295577343200341,2.174113123956514
1002,3.169101572614027,2.1308264004298967
1003,7.367030951713635,2.1981450231869863
1004,7.914532791638536,2.2038020179889575
1005,3.6682686384724787,2.1194366611029483
1006,2.6518984782445347,2.082544713173745
1007,4.293342038976698,1.6576375438438182
1008,4.831156664993557,1.6277212870016027
1009,6.3684054585570085,1.6546744659738186
1010,2.6807030255293336,1.5657660917754743
1011,5.280154894612771,1.6143430874244444
1012,5.8276081401388735,1.622601391107197
1013,3.6651472806058347,1.5661443069234113
1014,6.899425788889943,1.6282729985020916
1015,3.202431809922575,1.565731841652013
1016,4.299480264308669,1.1628099594593513
1017,4.819331502491445,1.1247477369600833
1018,6.377813334164405,1.1510610666543557
1019,5.83005649910643,1.131347231352883
1020,5.319523659243307,1.1138978044958487
1021,3.1536936563779245,1.0438455063290535
1022,3.714861838708752,1.0383108281807896
1023,4.3062988112238205,0.6315640507439326
1024,4.804282979853386,0.6003750462932091
1025,3.1697306067133315,0.5455617678337599
1026,3.7215443213072676,0.5143485843315605
1027,4.3182525314857845,0.10249691456591234
1028,3.686122630497193,0.0
